first_name,sex_predicted
GIRIDHAR,F
NALLALA,F
BODA,F
ELIJALA,F
PARANDA,M
OLAPU,F
BALEMLA,F
SUNDILLA,F
BATHULA,M
DURGAM,F
NATHI,M
TALLAPALLI,F
KALUVALA,F
RAMTENKI,F
CHUKKA,F
KASIPETA,F
JANJAM,F
PULLURI,F
ALAGURTHI,F
BOCHU,F
KOINKONDA,M
SURESH,M
GAJJI,M
"P,SUBASH",F
RAMESH,F
MOGILI,F
AKU,F
PARSA,M
THAD,F
GONE,M
RACHAKONDA,F
VENKANNA,M
CHERUKUPALLY,M
VENKATADRI,M
BHUJANGA,M
VANTALA,M
JOGAIAH,F
BHADHAWATH,F
JEEDI,M
BODDU,F
BASYS,F
DHARMAPURI,F
ARIKALA,F
ESAM,M
BHUKYA,F
GADDAM,F
TATIKONDA,M
CHAKRADHAR,F
NISHANI,M
THOTA,M
BITLA,F
CHANDA,F
KAMARAPU,F
MADAVI,M
SHIVA,M
KAVETI,F
ALLOLA,F
PALVAI,F
UDINEPALLI,F
AMRUTH,M
ROYYA,F
KATAM,F
AITHARAJU,F
CHILAKA,F
KORLA,M
ATCHANNAIDU,F
DUVVADA,F
CHANDRA,F
BASKARARAO,M
DEVARAKONDA,F
KATTA,F
ALI,F
SURENDER,M
SIDDIRAMULU,F
MANTHRI,M
BANDARI,M
MEESALA,F
RAMEH,F
BADU,F
NARSIMLU,M
GADDAMEEDI,F
NAWAZ,M
CHANDER,F
DOLE,F
GUGULOTH,M
DOBBALLI,F
MUDAVAT,F
SHANKER,M
KOTHAPALLY,F
MANDALA,F
LAMBADI,F
BHUPAL,F
DIBBA,F
GOSU,F
RAVUJI,M
OSMAN,M
NARSIMULU,M
MOHAN,F
HANMANTH,M
BUSA,M
LAL,F
MUNYA,M
BALAVATHULA,F
MADDELA,F
MOGILIGARI,F
GHOVU,F
BODALA,F
SANJEEVA,M
SAKRU,M
MALLAIAH,F
MOTHI,M
VENKATAIAH,M
BONDUGULA,M
DEVAIAH,F
KANIGIRI,M
RJENDER,M
VENKATESH,M
RASMAI,F
KANTHA,M
MOOD,F
JANGALA,F
DASHARATH,F
MUTHAIAH,F
LINGAM,F
GADDA,F
SAKRIYA,F
SHINU,F
BHIMANANDA,M
SIBA,F
LENIN,M
GUNADHAR,M
MOHAND,F
NARENDRA,M
BISHNU,F
WAZED,M
DEWAN,M
ALEK,F
SHFIQUL,M
RAM,F
PARDUYMN,M
TILOTMA,F
MADAN,M
MORDHWAJ,M
GULFAN,M
SUVASH,F
HARI,M
NARESH,M
MUKESH,M
PRO,F
ANIL,M
ASIF,F
BRAHAM,F
FARHAD,M
RAMBIR,F
MOHD,F
SANJAY,M
WASIM,F
SUNITA,M
JAMALUDDIN,F
ILYAS,F
VIPIN,F
DIVY,F
JAI,F
SUBHASH,F
RAKESH,F
YUDHISTER,F
VINOD,F
DALEEP,M
SHEIKH,F
KULDEEP,M
ASIEA,F
MUFTI,F
ABUL,M
SIBHU,F
TARUN,M
ABBU,F
VIRENDAR,M
AMAR,F
ANWAR,M
KRISHAN,F
MUNNA,M
CHUNULAL,F
DAUAD,F
NIPAN,M
PARASH,F
RAJEEV,M
MADHUSUDHAN,F
AALATA,F
UTTAM,F
RAMASHANKAR,F
ARJUN,M
DASHRATH,F
BAHADUR,F
KHIRU,M
RAZI,M
MAHMOOD,M
MIRTUNJAY,M
RAMAUTAR,F
GEETA,F
IMTEYAZ,F
SAROJ,M
SHIBU,M
VASUNDHRA,F
SUKHRAM,F
ABRAHIM,M
NISHIKANT,M
SRINIVASA,F
JAYARAMAPPA,F
GADILIMGAPPA,F
RAHEEM,M
SURYAKANT,M
MARUTI,M
SYED,F
BABURAO,M
SRIDHAR,F
SHARNAYYA,M
USHA,F
RAJESHEKHAR,M
GEORGE,F
NAGENDRA,F
SHARMANNA,M
BHASKAR,F
SATISH,F
BANDEPPA,M
ARUTH,M
JEEVAN,M
ASHWATH,F
HEMAGIRISH,F
ASHRAF,F
VALMIKI,M
PRIYANK,F
BASAVARAJ,M
SHANKAR,M
AYYAPPA,F
DEVINDRA,F
SATYAM,M
PRIYA,F
SHANBULING,F
ABDUL,M
MANOHAR,M
KRANTHIRAJU,M
RAVI,M
BASHEER,F
PRAKASH,F
SUBBAIAH,F
ANAGALLI,F
SHIVAKUMAR,F
MAHADEVA,F
NARAYNAGOWDA,F
MALLKARJUNAIAH,M
HAQULLA,F
PUTTASWAMACHA,F
RANVEER,M
MASTER,F
KESHAV,F
HARIOM,M
RAMESHWAR,F
MEVARAM,F
JITENDRA,M
PANCHAM,F
HARIRAM,F
SANGEETA,M
BHAGWAN,M
LAXMAN,M
DSDB,F
NISHA,F
RAMLAL,F
AJAY,M
ASHOK,F
BHAIYARAM,F
SANTOSH,M
SIYARAM,F
HARIGOVIND,F
MEERA,F
BHAIYALAL,F
BABULAL,F
AKHIL,F
KULDIP,F
RAMKUMAR,F
MANOJ,M
DEVNDRA,M
GOBIND,F
SIMARPRATAP,F
SURJIT,M
SUKHDEV,F
BIKRAM,F
RANJIT,M
GURMEET,F
SARABJIT,M
MANJIT,M
JORA,M
RATTAN,M
GURPREET,F
RUPESH,M
FARHAN,F
SAIYAD,F
RASHTRAPATI,F
SIDDHIQUI,F
BADINZ,F
JADHAV,F
NATHANI,M
SHIV,M
PRADEEP,M
SATYA,M
SHIVRAJ,M
SHIVENDRA,M
RESHAMA,M
SHYAMVIR,F
GEETAM,F
GHAN,F
JAIBIR,F
VINAY,F
KALLO,F
UDAY,F
MADHUBALA,F
KANHAIYA,F
KISHAN,F
CHOTE,F
JAWAHAR,M
YOGENDRA,F
RAJESH,M
GULAB,M
PATRANI,M
ACHELAL,F
AACHHE,F
MAHESH,M
JAHAN,F
GOVIND,F
KHATOON,F
PREM,F
SACHCHIDA,F
KAMAL,F
ASHA,F
SHEELA,F
GITA,F
JOKHAI,F
ONKAR,M
SARITA,M
ANANT,M
SAAILENDRA,F
RAJ,M
RAJNESH,M
NEELMANI,M
ALGOOPRASAD,F
ANIRUDH,M
CHANDRASHEKHAR,F
RAMDIN,F
SHARDA,M
RAMSAHAYA,F
MAHENDRA,M
MANI,M
SHAHABUDDIN,F
KHEMAI,F
DHANANJAY,F
KAILASH,F
ASFAN,F
GHANSHYAM,M
SUSHILA,F
HAMID,F
JOHN,F
SUKHNANDAN,M
SHER,M
KUNTI,M
CHAMU,F
HARISH,F
KUNDAN,M
UMESH,F
NAND,M
BEDI,F
RANDHARI,M
SABAJEET,M
VIJAY,M
KHANJHATI,F
AMRESH,M
SASHI,F
SAIF,M
PAWAN,M
KAUSHAL,F
SANJEEV,M
ANKUR,M
LIAQAT,M
MUJEEB,M
NEERAJ,M
AMIT,F
AHMAD,M
SUMAN,M
AMNIL,F
NASIMUDDIN,F
ABHINAV,F
BUKKAL,F
RIJWAN,M
AZIM,F
CHAMA,F
SUDAMA,F
PARSHANT,M
AVINASH,F
SMT,F
GOKUL,M
GAJENDRA,M
REENA,F
SHRIPAL,F
MUNSHI,M
PARMESHWARDIN,F
KRISHNA,F
BRIJESH,M
LALLA,F
BALRAM,F
SAULAT,M
BHUPENDRA,M
COMRADE,M
HARSWROOP,M
MATLOOB,M
DINESH,M
MEENU,F
SHANTI,M
JAVED,F
OMKAR,M
SOHAN,F
HARPAL,F
PREMSHANKAR,M
KALLU,F
MITHLESH,F
NOOR,F
JAMIL,F
SHABI,F
VEDPAL,F
MAZHAR,M
PHERU,M
TEJPAL,F
JAIPAL,F
RAJAN,M
ARCHANA,F
DEVENDRA,M
RAJBEER,M
VIRENDRA,M
BHARAT,M
SHARAFAT,M
ABHILAKH,F
SATENDRA,M
SAWAMI,M
SHAKIR,F
RANI,M
RAMNIWAS,F
AASDULLAH,F
SHABEER,F
DAROGA,M
SUSHEELA,F
REJESH,M
JAIGOVIND,F
DEERAJ,M
ASLAM,F
ANUPAMA,F
RISHI,F
KHOOB,F
SATYENDRA,F
ISHVAR,F
DHIRENDRA,M
CHETRAM,F
SURJAN,M
MANJULATA,M
SANT,M
CHHEDA,F
SATROHAN,M
BADALE,F
RAJASHVWR,M
MALIKHAN,F
SHRI,F
MALKHAN,F
RAJDEO,M
ABHISHEK,F
SAMARNATH,M
PHOOL,F
RAMJET,F
BHOLA,F
MUNNU,F
RAHUL,M
BHULAN,M
VIDHYAWATI,F
TEJ,F
NVPRABHAT,F
HARIDAS,F
GULFAM,F
RAO,M
LIYAKAT,F
DAYARAM,F
SHYAM,F
TIKARAM,F
MANGAT,M
VIKAS,M
RAMAN,F
ELAMGRAM,F
HANJABAM,F
SOUBAM,F
ARIBAM,F
ADV,F
SHUKKOOR,F
MURALI,F
GURCHARAN,F
NARASIMAN,M
CHANDRAN,F
ELANGO,F
KANNU,M
ASOKAN,F
MAGESWARI,F
RADMANRAJAN,M
SAKTHIVEL,F
RAMAKRISHAN,F
ARUN,M
JAJAPPAN,M
VENKATESAN,M
SASI,M
RAMARAJ,M
GURUVSWARI,M
RAJESNDREN,M
PERIY,F
NASER,F
NAGAMANI,M
SUBASH,F
SIVAKUMAR,F
SATHEESH,F
DOMINIC,M
SOBHA,F
JARARD,M
ARAYAKKANDOY,F
SHAMSUDHEEN,F
MATHI,M
RAJENDRAN,M
PERI,M
NAGARAJAN,M
ARIVALAGAN,F
THALPATHI,F
SATHIAH,M
KALIMUTHU,F
HANS,M
BALDEV,F
KULWINDE,F
JAGDISH,F
DARSHAN,M
KULWINDER,F
AMRINDER,F
MER,F
SUJAN,M
SEWA,M
AVTAR,M
KHUSH,M
SURINDER,F
RANJITH,M
ABDULMAJEED,M
JAYARAJ,M
ABDULLAKUTTY,F
ABDULL,M
IQBAL,F
MALCOLM,F
ANDREW,M
STEPHEN,M
ROMEO,F
GURNAM,M
GUR,F
HARBANS,M
INBASEKARAN,F
TAMILKUMARAN,F
ANBALAGAN,F
KAVERIVARMAN,F
GOPAL,F
THAMOTHIRAN,F
VAJRAVEL,M
ANNADURAI,M
KUMAR,M
VENKATACHALAM,F
MUNI,M
SAMIKANNU,M
MURUGESAN,M
SRIRAMACHADIDRAN,F
KASPHA,F
KANDHAN,F
ELLAVARASAN,M
PADMARAJAN,M
DEVENTHIRAN,M
NOORMUHAMAD,F
RAMALINGAM,F
ANBAZHAGAN,M
RAJAJI,M
PERUMAL,M
MUNUSAMY,F
PALANI,M
RATHINAM,F
HIRDAYA,F
SUNDER,M
KHUSHI,M
BIHARI,M
KEWAL,F
YADAV,F
THANAPANDIAN,F
PARAMASIVAM,F
PADMANABAN,M
THILAGAR,F
DHANUSHAKODI,F
CHINNARAJ,M
RAMSH,F
MURUGAN,M
SELVAM,F
RAMASAMAY,F
KALAISELVEN,F
KALUVANATHAN,F
PANDIKUMAR,F
RAJANUAM,F
MANMATHAN,M
GABRIEL,F
PAUL,M
BABU,F
KANDASWAMY,F
THANGAVELU,F
ESWARAN,M
NACHIMUTHU,F
SENTHIL,M
RAMASAMY,F
RATHINA,F
INDRALEKA,F
SHANMUGAM,F
KUMAKESHAN,F
KATHIRASA,M
ANITHA,M
PHRINA,F
TOSHIPOKBA,M
DEO,F
KEWEKHAPE,M
AZHETO,F
KEJONG,M
WONGTO,F
DHARMU,M
JATINDRANATH,F
BASANTI,M
AMRITLAL,F
GOTA,M
KANTILAL,F
KIKA,M
SHIVDAYAL,F
PRITHVI,F
RAJESNDRA,M
KAMLA,F
PRIY,F
MAHAR,M
BINOD,F
YOUA,F
SULAKSHANA,F
RAMASWAMY,F
PAULRAJ,M
JAYAKUMAR,F
JAMES,F
PARANJOTHI,M
NEHRU,M
KALASTHRI,F
PUSHPA,M
KAJAMYDEEN,F
VASUDEVAN,F
ANANDA,F
SELLADURAI,F
GOVINDARAJAN,M
ATHAPU,F
ASISH,F
SHYAMAL,F
SUJIT,M
PRALAYSARAN,F
GOVINDA,F
HIRA,M
FURKAN,M
WILLIAM,F
DHARMENDER,F
SOM,F
RAJU,M
SAJID,M
SARDAR,M
KHALIK,F
PREAM,F
PARVEEN,F
PURAN,M
